l2_util_m1,l2_util_m2,dram_util_m1,dram_util_m2,constant
-0.17988746088090934,0.038409119934405545,0.12551833308063143,-0.05648205937173589,1.018427067906819
