l2_util_m1,l2_util_m2,dram_util_m1,dram_util_m2,constant
0.11290838746224496,0.7159598718755424,0.35486591956022895,0.0882038259888065,0.8953693917277343
